Company,First,Last,Phone,Email
Acme Corp,John,Doe,555-123-4567,john.doe@acmecorp.com
Beta LLC,Jane,Smith,555-234-5678,jane.smith@betallc.com
Gamma Inc,Emily,Jones,555-345-6789,emily.jones@gammainc.com
Delta Co,Michael,Brown,555-456-7890,michael.brown@deltaco.com
Epsilon Ltd,Sarah,Johnson,555-567-8901,sarah.johnson@epsilonltd.com
Zeta Group,David,Williams,555-678-9012,david.williams@zetagroup.com
Eta Services,Laura,Miller,555-789-0123,laura.miller@etaservices.com
Theta Solutions,James,Davis,555-890-1234,james.davis@theta.com
Iota Technologies,Linda,Garcia,555-901-2345,linda.garcia@iotatech.com
Kappa Enterprises,Robert,Martinez,555-012-3456,robert.martinez@kappaenterprises.com
Lambda Innovations,Patricia,Hernandez,555-123-4560,patricia.hernandez@lambdainnovations.com
Mu Systems,Charles,Lopez,555-234-5671,charles.lopez@musystems.com
Nu Dynamics,Jessica,Wilson,555-345-6782,jessica.wilson@nudynamics.com
Xi Consulting,Daniel,Anderson,555-456-7893,daniel.anderson@xiconsulting.com
Omicron Solutions,Nancy,Thomas,555-567-8904,nancy.thomas@omicronsolutions.com
Pi Group,Matthew,Taylor,555-678-9015,matthew.taylor@pigroup.com
Rho Technologies,Susan,Moore,555-789-0126,susan.moore@rhotec.com
Sigma Partners,Mark,Jackson,555-890-1237,mark.jackson@sigmapartners.com
Tau Holdings,Karen,Martin,555-901-2348,karen.martin@tauholdings.com
Upsilon Corp,Paul,Lee,555-012-3459,paul.lee@upsiloncorp.com
Phi Industries,Lisa,Walker,555-123-4562,lisa.walker@phiindustries.com
Chi Enterprises,Steven,Hall,555-234-5674,steven.hall@chienterprises.com
Psi Solutions,Angela,Young,555-345-6785,angela.young@psisolutions.com
Omega Group,Kevin,Allen,555-456-7896,kevin.allen@omegagroup.com
Alpha Innovations,Michelle,Sanchez,555-567-8907,michelle.sanchez@alphainnovations.com
Beta Technologies,George,King,555-678-9018,george.king@betatech.com
Gamma Services,Emily,Adams,555-789-0129,emily.adams@gammaservices.com
Delta Solutions,Frank,Scott,555-890-1230,frank.scott@deltasolutions.com
Epsilon Corp,Anna,Roberts,555-901-2341,anna.roberts@epsiloncorp.com
Zeta Innovations,Chris,Turner,555-012-3452,chris.turner@zetainnovations.com
Eta Group,Pat,Phillips,555-123-4563,pat.phillips@etagroup.com
Theta Dynamics,Sam,Campbell,555-234-5675,sam.campbell@thetadynamics.com
Iota Partners,Kim,Mitchell,555-345-6786,kim.mitchell@iotapartners.com
Kappa Holdings,Alex,Evans,555-456-7897,alex.evans@kappaholdings.com
Lambda Group,Jordan,Stewart,555-567-8908,jordan.stewart@lambdagroup.com
Mu Innovations,Casey,Green,555-678-9019,casey.green@muinnovations.com
Nu Technologies,Jamie,Bailey,555-789-0120,jamie.bailey@nutec.com
Xi Enterprises,Robin,Cooper,555-890-1231,robin.cooper@xienterprises.com
Omicron Corp,Taylor,Reed,555-901-2342,taylor.reed@omicroncorp.com
Pi Solutions,Jordan,Price,555-012-3453,jordan.price@